sim_time,train_id,name,type,position_m,velocity_kmh,accel_ms2,state,track,sensor
0.000,1,T01,PASSENGER,1,80.0,0.00,RUNNING,1,OK
0.000,2,T02,PASSENGER,4798,80.0,0.00,RUNNING,1,OK
0.050,1,T01,PASSENGER,2,80.0,0.00,RUNNING,1,OK
0.050,2,T02,PASSENGER,4797,80.0,0.00,RUNNING,1,OK
0.100,1,T01,PASSENGER,3,80.0,0.00,RUNNING,1,OK
0.100,2,T02,PASSENGER,4796,80.0,0.00,RUNNING,1,OK
0.150,1,T01,PASSENGER,4,80.0,0.00,RUNNING,1,OK
0.150,2,T02,PASSENGER,4795,80.0,0.00,RUNNING,1,OK
0.200,1,T01,PASSENGER,5,80.0,0.00,RUNNING,1,OK
0.200,2,T02,PASSENGER,4794,80.0,0.00,RUNNING,1,OK
0.250,1,T01,PASSENGER,6,80.0,0.00,RUNNING,1,OK
0.250,2,T02,PASSENGER,4793,80.0,0.00,RUNNING,1,OK
0.300,1,T01,PASSENGER,7,80.0,0.00,RUNNING,1,OK
0.300,2,T02,PASSENGER,4792,80.0,0.00,RUNNING,1,OK
0.350,1,T01,PASSENGER,8,80.0,0.00,RUNNING,1,OK
0.350,2,T02,PASSENGER,4791,80.0,0.00,RUNNING,1,OK
0.400,1,T01,PASSENGER,9,80.0,0.00,RUNNING,1,OK
0.400,2,T02,PASSENGER,4789,80.0,0.00,RUNNING,1,OK
0.450,1,T01,PASSENGER,11,80.0,0.00,RUNNING,1,OK
0.450,2,T02,PASSENGER,4788,80.0,0.00,RUNNING,1,OK
0.500,1,T01,PASSENGER,12,80.0,0.00,RUNNING,1,OK
0.500,2,T02,PASSENGER,4787,80.0,0.00,RUNNING,1,OK
0.550,1,T01,PASSENGER,13,80.0,0.00,RUNNING,1,OK
0.550,2,T02,PASSENGER,4786,80.0,0.00,RUNNING,1,OK
0.600,1,T01,PASSENGER,14,80.0,0.00,RUNNING,1,OK
0.600,2,T02,PASSENGER,4785,80.0,0.00,RUNNING,1,OK
0.650,1,T01,PASSENGER,15,80.0,0.00,RUNNING,1,OK
0.650,2,T02,PASSENGER,4784,80.0,0.00,RUNNING,1,OK
0.700,1,T01,PASSENGER,16,80.0,0.00,RUNNING,1,OK
0.700,2,T02,PASSENGER,4783,80.0,0.00,RUNNING,1,OK
0.750,1,T01,PASSENGER,17,80.0,0.00,RUNNING,1,OK
0.750,2,T02,PASSENGER,4782,80.0,0.00,RUNNING,1,OK
0.800,1,T01,PASSENGER,18,80.0,0.00,RUNNING,1,OK
0.800,2,T02,PASSENGER,4781,80.0,0.00,RUNNING,1,OK
0.850,1,T01,PASSENGER,19,80.0,0.00,RUNNING,1,OK
0.850,2,T02,PASSENGER,4779,80.0,0.00,RUNNING,1,OK
0.900,1,T01,PASSENGER,21,80.0,0.00,RUNNING,1,OK
0.900,2,T02,PASSENGER,4778,80.0,0.00,RUNNING,1,OK
0.950,1,T01,PASSENGER,22,80.0,0.00,RUNNING,1,OK
0.950,2,T02,PASSENGER,4777,80.0,0.00,RUNNING,1,OK
1.000,1,T01,PASSENGER,23,80.0,0.00,RUNNING,1,OK
1.000,2,T02,PASSENGER,4776,80.0,0.00,RUNNING,1,OK
1.050,1,T01,PASSENGER,24,80.0,0.00,RUNNING,1,OK
1.050,2,T02,PASSENGER,4775,80.0,0.00,RUNNING,1,OK
1.100,1,T01,PASSENGER,25,80.0,0.00,RUNNING,1,OK
1.100,2,T02,PASSENGER,4774,80.0,0.00,RUNNING,1,OK
1.150,1,T01,PASSENGER,26,80.0,0.00,RUNNING,1,OK
1.150,2,T02,PASSENGER,4773,80.0,0.00,RUNNING,1,OK
1.200,1,T01,PASSENGER,27,80.0,0.00,RUNNING,1,OK
1.200,2,T02,PASSENGER,4772,80.0,0.00,RUNNING,1,OK
1.250,1,T01,PASSENGER,28,80.0,0.00,RUNNING,1,OK
1.250,2,T02,PASSENGER,4771,80.0,0.00,RUNNING,1,OK
1.300,1,T01,PASSENGER,29,80.0,0.00,RUNNING,1,OK
1.300,2,T02,PASSENGER,4769,80.0,0.00,RUNNING,1,OK
1.350,1,T01,PASSENGER,31,80.0,0.00,RUNNING,1,OK
1.350,2,T02,PASSENGER,4768,80.0,0.00,RUNNING,1,OK
1.400,1,T01,PASSENGER,32,80.0,0.00,RUNNING,1,OK
1.400,2,T02,PASSENGER,4767,80.0,0.00,RUNNING,1,OK
1.450,1,T01,PASSENGER,33,80.0,0.00,RUNNING,1,OK
1.450,2,T02,PASSENGER,4766,80.0,0.00,RUNNING,1,OK
1.500,1,T01,PASSENGER,34,80.0,0.00,RUNNING,1,OK
1.500,2,T02,PASSENGER,4765,80.0,0.00,RUNNING,1,OK
1.550,1,T01,PASSENGER,35,80.0,0.00,RUNNING,1,OK
1.550,2,T02,PASSENGER,4764,80.0,0.00,RUNNING,1,OK
1.600,1,T01,PASSENGER,36,80.0,0.00,RUNNING,1,OK
1.600,2,T02,PASSENGER,4763,80.0,0.00,RUNNING,1,OK
1.650,1,T01,PASSENGER,37,80.0,0.00,RUNNING,1,OK
1.650,2,T02,PASSENGER,4762,80.0,0.00,RUNNING,1,OK
1.700,1,T01,PASSENGER,38,80.0,0.00,RUNNING,1,OK
1.700,2,T02,PASSENGER,4761,80.0,0.00,RUNNING,1,OK
1.750,1,T01,PASSENGER,40,80.0,0.00,RUNNING,1,OK
1.750,2,T02,PASSENGER,4759,80.0,0.00,RUNNING,1,OK
1.800,1,T01,PASSENGER,41,80.0,0.00,RUNNING,1,OK
1.800,2,T02,PASSENGER,4758,80.0,0.00,RUNNING,1,OK
1.850,1,T01,PASSENGER,42,80.0,0.00,RUNNING,1,OK
1.850,2,T02,PASSENGER,4757,80.0,0.00,RUNNING,1,OK
1.900,1,T01,PASSENGER,43,80.0,0.00,RUNNING,1,OK
1.900,2,T02,PASSENGER,4756,80.0,0.00,RUNNING,1,OK
1.950,1,T01,PASSENGER,44,80.0,0.00,RUNNING,1,OK
1.950,2,T02,PASSENGER,4755,80.0,0.00,RUNNING,1,OK
2.000,1,T01,PASSENGER,45,80.0,0.00,RUNNING,1,OK
2.000,2,T02,PASSENGER,4754,80.0,0.00,RUNNING,1,OK
2.050,1,T01,PASSENGER,46,80.0,0.00,RUNNING,1,OK
2.050,2,T02,PASSENGER,4753,80.0,0.00,RUNNING,1,OK
2.100,1,T01,PASSENGER,47,80.0,0.00,RUNNING,1,OK
2.100,2,T02,PASSENGER,4752,80.0,0.00,RUNNING,1,OK
2.150,1,T01,PASSENGER,48,80.0,0.00,RUNNING,1,OK
2.150,2,T02,PASSENGER,4751,80.0,0.00,RUNNING,1,OK
2.200,1,T01,PASSENGER,50,80.0,0.00,RUNNING,1,OK
2.200,2,T02,PASSENGER,4749,80.0,0.00,RUNNING,1,OK
2.250,1,T01,PASSENGER,51,80.0,0.00,RUNNING,1,OK
2.250,2,T02,PASSENGER,4748,80.0,0.00,RUNNING,1,OK
2.300,1,T01,PASSENGER,52,80.0,0.00,RUNNING,1,OK
2.300,2,T02,PASSENGER,4747,80.0,0.00,RUNNING,1,OK
2.350,1,T01,PASSENGER,53,80.0,0.00,RUNNING,1,OK
2.350,2,T02,PASSENGER,4746,80.0,0.00,RUNNING,1,OK
2.400,1,T01,PASSENGER,54,80.0,0.00,RUNNING,1,OK
2.400,2,T02,PASSENGER,4745,80.0,0.00,RUNNING,1,OK
2.450,1,T01,PASSENGER,55,80.0,0.00,RUNNING,1,OK
2.450,2,T02,PASSENGER,4744,80.0,0.00,RUNNING,1,OK
2.500,1,T01,PASSENGER,56,80.0,0.00,RUNNING,1,OK
2.500,2,T02,PASSENGER,4743,80.0,0.00,RUNNING,1,OK
2.550,1,T01,PASSENGER,57,80.0,0.00,RUNNING,1,OK
2.550,2,T02,PASSENGER,4742,80.0,0.00,RUNNING,1,OK
2.600,1,T01,PASSENGER,58,80.0,0.00,RUNNING,1,OK
2.600,2,T02,PASSENGER,4741,80.0,0.00,RUNNING,1,OK
2.650,1,T01,PASSENGER,60,80.0,0.00,RUNNING,1,OK
2.650,2,T02,PASSENGER,4739,80.0,0.00,RUNNING,1,OK
2.700,1,T01,PASSENGER,61,80.0,0.00,RUNNING,1,OK
2.700,2,T02,PASSENGER,4738,80.0,0.00,RUNNING,1,OK
2.750,1,T01,PASSENGER,62,80.0,0.00,RUNNING,1,OK
2.750,2,T02,PASSENGER,4737,80.0,0.00,RUNNING,1,OK
2.800,1,T01,PASSENGER,63,80.0,0.00,RUNNING,1,OK
2.800,2,T02,PASSENGER,4736,80.0,0.00,RUNNING,1,OK
2.850,1,T01,PASSENGER,64,80.0,0.00,RUNNING,1,OK
2.850,2,T02,PASSENGER,4735,80.0,0.00,RUNNING,1,OK
2.900,1,T01,PASSENGER,65,80.0,0.00,RUNNING,1,OK
2.900,2,T02,PASSENGER,4734,80.0,0.00,RUNNING,1,OK
2.950,1,T01,PASSENGER,66,80.0,0.00,RUNNING,1,OK
2.950,2,T02,PASSENGER,4733,80.0,0.00,RUNNING,1,OK
3.000,1,T01,PASSENGER,67,80.0,0.00,RUNNING,1,OK
3.000,2,T02,PASSENGER,4732,80.0,0.00,RUNNING,1,OK
3.050,1,T01,PASSENGER,68,80.0,0.00,RUNNING,1,OK
3.050,2,T02,PASSENGER,4731,80.0,0.00,RUNNING,1,OK
3.100,1,T01,PASSENGER,70,80.0,0.00,RUNNING,1,OK
3.100,2,T02,PASSENGER,4729,80.0,0.00,RUNNING,1,OK
3.150,1,T01,PASSENGER,71,80.0,0.00,RUNNING,1,OK
3.150,2,T02,PASSENGER,4728,80.0,0.00,RUNNING,1,OK
3.200,1,T01,PASSENGER,72,80.0,0.00,RUNNING,1,OK
3.200,2,T02,PASSENGER,4727,80.0,0.00,RUNNING,1,OK
3.250,1,T01,PASSENGER,73,80.0,0.00,RUNNING,1,OK
3.250,2,T02,PASSENGER,4726,80.0,0.00,RUNNING,1,OK
3.300,1,T01,PASSENGER,74,80.0,0.00,RUNNING,1,OK
3.300,2,T02,PASSENGER,4725,80.0,0.00,RUNNING,1,OK
3.350,1,T01,PASSENGER,75,80.0,0.00,RUNNING,1,OK
3.350,2,T02,PASSENGER,4724,80.0,0.00,RUNNING,1,OK
3.400,1,T01,PASSENGER,76,80.0,0.00,RUNNING,1,OK
3.400,2,T02,PASSENGER,4723,80.0,0.00,RUNNING,1,OK
3.450,1,T01,PASSENGER,77,80.0,0.00,RUNNING,1,OK
3.450,2,T02,PASSENGER,4722,80.0,0.00,RUNNING,1,OK
3.500,1,T01,PASSENGER,78,80.0,0.00,RUNNING,1,OK
3.500,2,T02,PASSENGER,4721,80.0,0.00,RUNNING,1,OK
3.550,1,T01,PASSENGER,80,80.0,0.00,RUNNING,1,OK
3.550,2,T02,PASSENGER,4719,80.0,0.00,RUNNING,1,OK
3.600,1,T01,PASSENGER,81,80.0,0.00,RUNNING,1,OK
3.600,2,T02,PASSENGER,4718,80.0,0.00,RUNNING,1,OK
3.650,1,T01,PASSENGER,82,80.0,0.00,RUNNING,1,OK
3.650,2,T02,PASSENGER,4717,80.0,0.00,RUNNING,1,OK
3.700,1,T01,PASSENGER,83,80.0,0.00,RUNNING,1,OK
3.700,2,T02,PASSENGER,4716,80.0,0.00,RUNNING,1,OK
3.750,1,T01,PASSENGER,84,80.0,0.00,RUNNING,1,OK
3.750,2,T02,PASSENGER,4715,80.0,0.00,RUNNING,1,OK
3.800,1,T01,PASSENGER,85,80.0,0.00,RUNNING,1,OK
3.800,2,T02,PASSENGER,4714,80.0,0.00,RUNNING,1,OK
3.850,1,T01,PASSENGER,86,80.0,0.00,RUNNING,1,OK
3.850,2,T02,PASSENGER,4713,80.0,0.00,RUNNING,1,OK
3.900,1,T01,PASSENGER,87,80.0,0.00,RUNNING,1,OK
3.900,2,T02,PASSENGER,4712,80.0,0.00,RUNNING,1,OK
3.950,1,T01,PASSENGER,88,80.0,0.00,RUNNING,1,OK
3.950,2,T02,PASSENGER,4711,80.0,0.00,RUNNING,1,OK
4.000,1,T01,PASSENGER,90,80.0,0.00,RUNNING,1,OK
4.000,2,T02,PASSENGER,4709,80.0,0.00,RUNNING,1,OK
4.050,1,T01,PASSENGER,91,80.0,0.00,RUNNING,1,OK
4.050,2,T02,PASSENGER,4708,80.0,0.00,RUNNING,1,OK
4.100,1,T01,PASSENGER,92,80.0,0.00,RUNNING,1,OK
4.100,2,T02,PASSENGER,4707,80.0,0.00,RUNNING,1,OK
4.150,1,T01,PASSENGER,93,80.0,0.00,RUNNING,1,OK
4.150,2,T02,PASSENGER,4706,80.0,0.00,RUNNING,1,OK
4.200,1,T01,PASSENGER,94,80.0,0.00,RUNNING,1,OK
4.200,2,T02,PASSENGER,4705,80.0,0.00,RUNNING,1,OK
4.250,1,T01,PASSENGER,95,80.0,0.00,RUNNING,1,OK
4.250,2,T02,PASSENGER,4704,80.0,0.00,RUNNING,1,OK
4.300,1,T01,PASSENGER,96,80.0,0.00,RUNNING,1,OK
4.300,2,T02,PASSENGER,4703,80.0,0.00,RUNNING,1,OK
4.350,1,T01,PASSENGER,97,80.0,0.00,RUNNING,1,OK
4.350,2,T02,PASSENGER,4702,80.0,0.00,RUNNING,1,OK
4.400,1,T01,PASSENGER,98,80.0,0.00,RUNNING,1,OK
4.400,2,T02,PASSENGER,4701,80.0,0.00,RUNNING,1,OK
4.450,1,T01,PASSENGER,100,80.0,0.00,RUNNING,1,OK
4.450,2,T02,PASSENGER,4699,80.0,0.00,RUNNING,1,OK
4.500,1,T01,PASSENGER,101,80.0,0.00,RUNNING,1,OK
4.500,2,T02,PASSENGER,4698,80.0,0.00,RUNNING,1,OK
4.550,1,T01,PASSENGER,102,80.0,0.00,RUNNING,1,OK
4.550,2,T02,PASSENGER,4697,80.0,0.00,RUNNING,1,OK
4.600,1,T01,PASSENGER,103,80.0,0.00,RUNNING,1,OK
4.600,2,T02,PASSENGER,4696,80.0,0.00,RUNNING,1,OK
4.650,1,T01,PASSENGER,104,80.0,0.00,RUNNING,1,OK
4.650,2,T02,PASSENGER,4695,80.0,0.00,RUNNING,1,OK
4.700,1,T01,PASSENGER,105,80.0,0.00,RUNNING,1,OK
4.700,2,T02,PASSENGER,4694,80.0,0.00,RUNNING,1,OK
4.750,1,T01,PASSENGER,106,80.0,0.00,RUNNING,1,OK
4.750,2,T02,PASSENGER,4693,80.0,0.00,RUNNING,1,OK
4.800,1,T01,PASSENGER,107,80.0,0.00,RUNNING,1,OK
4.800,2,T02,PASSENGER,4692,80.0,0.00,RUNNING,1,OK
4.850,1,T01,PASSENGER,108,80.0,0.00,RUNNING,1,OK
4.850,2,T02,PASSENGER,4691,80.0,0.00,RUNNING,1,OK
4.900,1,T01,PASSENGER,110,80.0,0.00,RUNNING,1,OK
4.900,2,T02,PASSENGER,4689,80.0,0.00,RUNNING,1,OK
4.950,1,T01,PASSENGER,111,80.0,0.00,RUNNING,1,OK
4.950,2,T02,PASSENGER,4688,80.0,0.00,RUNNING,1,OK
5.000,1,T01,PASSENGER,112,80.0,0.00,RUNNING,1,OK
5.000,2,T02,PASSENGER,4687,80.0,0.00,RUNNING,1,OK
5.050,1,T01,PASSENGER,113,80.0,0.00,RUNNING,1,OK
5.050,2,T02,PASSENGER,4686,80.0,0.00,RUNNING,1,OK
5.100,1,T01,PASSENGER,114,80.0,0.00,RUNNING,1,OK
5.100,2,T02,PASSENGER,4685,80.0,0.00,RUNNING,1,OK
5.150,1,T01,PASSENGER,115,80.0,0.00,RUNNING,1,OK
5.150,2,T02,PASSENGER,4684,80.0,0.00,RUNNING,1,OK
5.200,1,T01,PASSENGER,116,80.0,0.00,RUNNING,1,OK
5.200,2,T02,PASSENGER,4683,80.0,0.00,RUNNING,1,OK
5.250,1,T01,PASSENGER,117,80.0,0.00,RUNNING,1,OK
5.250,2,T02,PASSENGER,4682,80.0,0.00,RUNNING,1,OK
5.300,1,T01,PASSENGER,118,80.0,0.00,RUNNING,1,OK
5.300,2,T02,PASSENGER,4681,80.0,0.00,RUNNING,1,OK
5.350,1,T01,PASSENGER,120,80.0,0.00,RUNNING,1,OK
5.350,2,T02,PASSENGER,4679,80.0,0.00,RUNNING,1,OK
5.400,1,T01,PASSENGER,121,80.0,0.00,RUNNING,1,OK
5.400,2,T02,PASSENGER,4678,80.0,0.00,RUNNING,1,OK
5.450,1,T01,PASSENGER,122,80.0,0.00,RUNNING,1,OK
5.450,2,T02,PASSENGER,4677,80.0,0.00,RUNNING,1,OK
5.500,1,T01,PASSENGER,123,80.0,0.00,RUNNING,1,OK
5.500,2,T02,PASSENGER,4676,80.0,0.00,RUNNING,1,OK
5.550,1,T01,PASSENGER,124,80.0,0.00,RUNNING,1,OK
5.550,2,T02,PASSENGER,4675,80.0,0.00,RUNNING,1,OK
5.600,1,T01,PASSENGER,125,80.0,0.00,RUNNING,1,OK
5.600,2,T02,PASSENGER,4674,80.0,0.00,RUNNING,1,OK
5.650,1,T01,PASSENGER,126,80.0,0.00,RUNNING,1,OK
5.650,2,T02,PASSENGER,4673,80.0,0.00,RUNNING,1,OK
5.700,1,T01,PASSENGER,127,80.0,0.00,RUNNING,1,OK
5.700,2,T02,PASSENGER,4672,80.0,0.00,RUNNING,1,OK
5.750,1,T01,PASSENGER,128,80.0,0.00,RUNNING,1,OK
5.750,2,T02,PASSENGER,4671,80.0,0.00,RUNNING,1,OK
5.800,1,T01,PASSENGER,130,80.0,0.00,RUNNING,1,OK
5.800,2,T02,PASSENGER,4669,80.0,0.00,RUNNING,1,OK
5.850,1,T01,PASSENGER,131,80.0,0.00,RUNNING,1,OK
5.850,2,T02,PASSENGER,4668,80.0,0.00,RUNNING,1,OK
5.900,1,T01,PASSENGER,132,80.0,0.00,RUNNING,1,OK
5.900,2,T02,PASSENGER,4667,80.0,0.00,RUNNING,1,OK
5.950,1,T01,PASSENGER,133,80.0,0.00,RUNNING,1,OK
5.950,2,T02,PASSENGER,4666,80.0,0.00,RUNNING,1,OK
6.000,1,T01,PASSENGER,134,80.0,0.00,RUNNING,1,OK
6.000,2,T02,PASSENGER,4665,80.0,0.00,RUNNING,1,OK
6.050,1,T01,PASSENGER,135,80.0,0.00,RUNNING,1,OK
6.050,2,T02,PASSENGER,4664,80.0,0.00,RUNNING,1,OK
6.100,1,T01,PASSENGER,136,80.0,0.00,RUNNING,1,OK
6.100,2,T02,PASSENGER,4663,80.0,0.00,RUNNING,1,OK
6.150,1,T01,PASSENGER,137,80.0,0.00,RUNNING,1,OK
6.150,2,T02,PASSENGER,4662,80.0,0.00,RUNNING,1,OK
6.200,1,T01,PASSENGER,138,80.0,0.00,RUNNING,1,OK
6.200,2,T02,PASSENGER,4661,80.0,0.00,RUNNING,1,OK
6.250,1,T01,PASSENGER,140,80.0,0.00,RUNNING,1,OK
6.250,2,T02,PASSENGER,4659,80.0,0.00,RUNNING,1,OK
6.300,1,T01,PASSENGER,141,80.0,0.00,RUNNING,1,OK
6.300,2,T02,PASSENGER,4658,80.0,0.00,RUNNING,1,OK
6.350,1,T01,PASSENGER,142,80.0,0.00,RUNNING,1,OK
6.350,2,T02,PASSENGER,4657,80.0,0.00,RUNNING,1,OK
6.400,1,T01,PASSENGER,143,80.0,0.00,RUNNING,1,OK
6.400,2,T02,PASSENGER,4656,80.0,0.00,RUNNING,1,OK
6.450,1,T01,PASSENGER,144,80.0,0.00,RUNNING,1,OK
6.450,2,T02,PASSENGER,4655,80.0,0.00,RUNNING,1,OK
6.500,1,T01,PASSENGER,145,80.0,0.00,RUNNING,1,OK
6.500,2,T02,PASSENGER,4654,80.0,0.00,RUNNING,1,OK
6.550,1,T01,PASSENGER,146,80.0,0.00,RUNNING,1,OK
6.550,2,T02,PASSENGER,4653,80.0,0.00,RUNNING,1,OK
6.600,1,T01,PASSENGER,147,80.0,0.00,RUNNING,1,OK
6.600,2,T02,PASSENGER,4652,80.0,0.00,RUNNING,1,OK
6.650,1,T01,PASSENGER,148,80.0,0.00,RUNNING,1,OK
6.650,2,T02,PASSENGER,4651,80.0,0.00,RUNNING,1,OK
6.700,1,T01,PASSENGER,150,80.0,0.00,RUNNING,1,OK
6.700,2,T02,PASSENGER,4649,80.0,0.00,RUNNING,1,OK
6.750,1,T01,PASSENGER,151,80.0,0.00,RUNNING,1,OK
6.750,2,T02,PASSENGER,4648,80.0,0.00,RUNNING,1,OK
6.800,1,T01,PASSENGER,152,80.0,0.00,RUNNING,1,OK
6.800,2,T02,PASSENGER,4647,80.0,0.00,RUNNING,1,OK
6.850,1,T01,PASSENGER,153,80.0,0.00,RUNNING,1,OK
6.850,2,T02,PASSENGER,4646,80.0,0.00,RUNNING,1,OK
6.900,1,T01,PASSENGER,154,80.0,0.00,RUNNING,1,OK
6.900,2,T02,PASSENGER,4645,80.0,0.00,RUNNING,1,OK
6.950,1,T01,PASSENGER,155,80.0,0.00,RUNNING,1,OK
6.950,2,T02,PASSENGER,4644,80.0,0.00,RUNNING,1,OK
7.000,1,T01,PASSENGER,156,80.0,0.00,RUNNING,1,OK
7.000,2,T02,PASSENGER,4643,80.0,0.00,RUNNING,1,OK
7.050,1,T01,PASSENGER,157,80.0,0.00,RUNNING,1,OK
7.050,2,T02,PASSENGER,4642,80.0,0.00,RUNNING,1,OK
7.100,1,T01,PASSENGER,158,80.0,0.00,RUNNING,1,OK
7.100,2,T02,PASSENGER,4641,80.0,0.00,RUNNING,1,OK
7.150,1,T01,PASSENGER,160,80.0,0.00,RUNNING,1,OK
7.150,2,T02,PASSENGER,4639,80.0,0.00,RUNNING,1,OK
7.200,1,T01,PASSENGER,161,80.0,0.00,RUNNING,1,OK
7.200,2,T02,PASSENGER,4638,80.0,0.00,RUNNING,1,OK
7.250,1,T01,PASSENGER,162,80.0,0.00,RUNNING,1,OK
7.250,2,T02,PASSENGER,4637,80.0,0.00,RUNNING,1,OK
7.300,1,T01,PASSENGER,163,80.0,0.00,RUNNING,1,OK
7.300,2,T02,PASSENGER,4636,80.0,0.00,RUNNING,1,OK
7.350,1,T01,PASSENGER,164,80.0,0.00,RUNNING,1,OK
7.350,2,T02,PASSENGER,4635,80.0,0.00,RUNNING,1,OK
7.400,1,T01,PASSENGER,165,80.0,0.00,RUNNING,1,OK
7.400,2,T02,PASSENGER,4634,80.0,0.00,RUNNING,1,OK
7.450,1,T01,PASSENGER,166,80.0,0.00,RUNNING,1,OK
7.450,2,T02,PASSENGER,4633,80.0,0.00,RUNNING,1,OK
7.500,1,T01,PASSENGER,167,80.0,0.00,RUNNING,1,OK
7.500,2,T02,PASSENGER,4632,80.0,0.00,RUNNING,1,OK
7.550,1,T01,PASSENGER,168,80.0,0.00,RUNNING,1,OK
7.550,2,T02,PASSENGER,4631,80.0,0.00,RUNNING,1,OK
7.600,1,T01,PASSENGER,170,80.0,0.00,RUNNING,1,OK
7.600,2,T02,PASSENGER,4629,80.0,0.00,RUNNING,1,OK
7.650,1,T01,PASSENGER,171,80.0,0.00,RUNNING,1,OK
7.650,2,T02,PASSENGER,4628,80.0,0.00,RUNNING,1,OK
7.700,1,T01,PASSENGER,172,80.0,0.00,RUNNING,1,OK
7.700,2,T02,PASSENGER,4627,80.0,0.00,RUNNING,1,OK
7.750,1,T01,PASSENGER,173,80.0,0.00,RUNNING,1,OK
7.750,2,T02,PASSENGER,4626,80.0,0.00,RUNNING,1,OK
7.800,1,T01,PASSENGER,174,80.0,0.00,RUNNING,1,OK
7.800,2,T02,PASSENGER,4625,80.0,0.00,RUNNING,1,OK
7.850,1,T01,PASSENGER,175,80.0,0.00,RUNNING,1,OK
7.850,2,T02,PASSENGER,4624,80.0,0.00,RUNNING,1,OK
7.900,1,T01,PASSENGER,176,80.0,0.00,RUNNING,1,OK
7.900,2,T02,PASSENGER,4623,80.0,0.00,RUNNING,1,OK
7.950,1,T01,PASSENGER,177,80.0,0.00,RUNNING,1,OK
7.950,2,T02,PASSENGER,4622,80.0,0.00,RUNNING,1,OK
8.000,1,T01,PASSENGER,178,80.0,0.00,RUNNING,1,OK
8.000,2,T02,PASSENGER,4621,80.0,0.00,RUNNING,1,OK
8.050,1,T01,PASSENGER,180,80.0,0.00,RUNNING,1,OK
8.050,2,T02,PASSENGER,4619,80.0,0.00,RUNNING,1,OK
8.100,1,T01,PASSENGER,181,80.0,0.00,RUNNING,1,OK
8.100,2,T02,PASSENGER,4618,80.0,0.00,RUNNING,1,OK
8.150,1,T01,PASSENGER,182,80.0,0.00,RUNNING,1,OK
8.150,2,T02,PASSENGER,4617,80.0,0.00,RUNNING,1,OK
8.200,1,T01,PASSENGER,183,80.0,0.00,RUNNING,1,OK
8.200,2,T02,PASSENGER,4616,80.0,0.00,RUNNING,1,OK
8.250,1,T01,PASSENGER,184,80.0,0.00,RUNNING,1,OK
8.250,2,T02,PASSENGER,4615,80.0,0.00,RUNNING,1,OK
8.300,1,T01,PASSENGER,185,80.0,0.00,RUNNING,1,OK
8.300,2,T02,PASSENGER,4614,80.0,0.00,RUNNING,1,OK
8.350,1,T01,PASSENGER,186,80.0,0.00,RUNNING,1,OK
8.350,2,T02,PASSENGER,4613,80.0,0.00,RUNNING,1,OK
8.400,1,T01,PASSENGER,187,80.0,0.00,RUNNING,1,OK
8.400,2,T02,PASSENGER,4612,80.0,0.00,RUNNING,1,OK
8.450,1,T01,PASSENGER,188,80.0,0.00,RUNNING,1,OK
8.450,2,T02,PASSENGER,4611,80.0,0.00,RUNNING,1,OK
8.500,1,T01,PASSENGER,190,80.0,0.00,RUNNING,1,OK
8.500,2,T02,PASSENGER,4609,80.0,0.00,RUNNING,1,OK
8.550,1,T01,PASSENGER,191,80.0,0.00,RUNNING,1,OK
8.550,2,T02,PASSENGER,4608,80.0,0.00,RUNNING,1,OK
8.600,1,T01,PASSENGER,192,80.0,0.00,RUNNING,1,OK
8.600,2,T02,PASSENGER,4607,80.0,0.00,RUNNING,1,OK
8.650,1,T01,PASSENGER,193,80.0,0.00,RUNNING,1,OK
8.650,2,T02,PASSENGER,4606,80.0,0.00,RUNNING,1,OK
8.700,1,T01,PASSENGER,194,80.0,0.00,RUNNING,1,OK
8.700,2,T02,PASSENGER,4605,80.0,0.00,RUNNING,1,OK
8.750,1,T01,PASSENGER,195,80.0,0.00,RUNNING,1,OK
8.750,2,T02,PASSENGER,4604,80.0,0.00,RUNNING,1,OK
8.800,1,T01,PASSENGER,196,80.0,0.00,RUNNING,1,OK
8.800,2,T02,PASSENGER,4603,80.0,0.00,RUNNING,1,OK
8.850,1,T01,PASSENGER,197,80.0,0.00,RUNNING,1,OK
8.850,2,T02,PASSENGER,4602,80.0,0.00,RUNNING,1,OK
8.900,1,T01,PASSENGER,198,80.0,0.00,RUNNING,1,OK
8.900,2,T02,PASSENGER,4601,80.0,0.00,RUNNING,1,OK
8.950,1,T01,PASSENGER,200,80.0,0.00,RUNNING,1,OK
8.950,2,T02,PASSENGER,4599,80.0,0.00,RUNNING,1,OK
9.000,1,T01,PASSENGER,201,80.0,0.00,RUNNING,1,OK
9.000,2,T02,PASSENGER,4598,80.0,0.00,RUNNING,1,OK
9.050,1,T01,PASSENGER,202,80.0,0.00,RUNNING,1,OK
9.050,2,T02,PASSENGER,4597,80.0,0.00,RUNNING,1,OK
9.100,1,T01,PASSENGER,203,80.0,0.00,RUNNING,1,OK
9.100,2,T02,PASSENGER,4596,80.0,0.00,RUNNING,1,OK
9.150,1,T01,PASSENGER,204,80.0,0.00,RUNNING,1,OK
9.150,2,T02,PASSENGER,4595,80.0,0.00,RUNNING,1,OK
9.200,1,T01,PASSENGER,205,80.0,0.00,RUNNING,1,OK
9.200,2,T02,PASSENGER,4594,80.0,0.00,RUNNING,1,OK
9.250,1,T01,PASSENGER,206,80.0,0.00,RUNNING,1,OK
9.250,2,T02,PASSENGER,4593,80.0,0.00,RUNNING,1,OK
9.300,1,T01,PASSENGER,207,80.0,0.00,RUNNING,1,OK
9.300,2,T02,PASSENGER,4592,80.0,0.00,RUNNING,1,OK
9.350,1,T01,PASSENGER,208,80.0,0.00,RUNNING,1,OK
9.350,2,T02,PASSENGER,4591,80.0,0.00,RUNNING,1,OK
9.400,1,T01,PASSENGER,210,80.0,0.00,RUNNING,1,OK
9.400,2,T02,PASSENGER,4589,80.0,0.00,RUNNING,1,OK
9.450,1,T01,PASSENGER,211,80.0,0.00,RUNNING,1,OK
9.450,2,T02,PASSENGER,4588,80.0,0.00,RUNNING,1,OK
9.500,1,T01,PASSENGER,212,80.0,0.00,RUNNING,1,OK
9.500,2,T02,PASSENGER,4587,80.0,0.00,RUNNING,1,OK
9.550,1,T01,PASSENGER,213,80.0,0.00,RUNNING,1,OK
9.550,2,T02,PASSENGER,4586,80.0,0.00,RUNNING,1,OK
9.600,1,T01,PASSENGER,214,80.0,0.00,RUNNING,1,OK
9.600,2,T02,PASSENGER,4585,80.0,0.00,RUNNING,1,OK
9.650,1,T01,PASSENGER,215,80.0,0.00,RUNNING,1,OK
9.650,2,T02,PASSENGER,4584,80.0,0.00,RUNNING,1,OK
9.700,1,T01,PASSENGER,216,80.0,0.00,RUNNING,1,OK
9.700,2,T02,PASSENGER,4583,80.0,0.00,RUNNING,1,OK
9.750,1,T01,PASSENGER,217,80.0,0.00,RUNNING,1,OK
9.750,2,T02,PASSENGER,4582,80.0,0.00,RUNNING,1,OK
9.800,1,T01,PASSENGER,218,80.0,0.00,RUNNING,1,OK
9.800,2,T02,PASSENGER,4581,80.0,0.00,RUNNING,1,OK
9.850,1,T01,PASSENGER,220,80.0,0.00,RUNNING,1,OK
9.850,2,T02,PASSENGER,4579,80.0,0.00,RUNNING,1,OK
9.900,1,T01,PASSENGER,221,80.0,0.00,RUNNING,1,OK
9.900,2,T02,PASSENGER,4578,80.0,0.00,RUNNING,1,OK
9.950,1,T01,PASSENGER,222,80.0,0.00,RUNNING,1,OK
9.950,2,T02,PASSENGER,4577,80.0,0.00,RUNNING,1,OK
